INSERT INTO recipes (id, title, description, instructions, prep_time_minutes, cook_time_minutes, servings, difficulty, image_url, source_url, source_api, created_at, updated_at) VALUES 
(1, 'Spaghetti Carbonara', 'Classic Italian pasta with creamy egg sauce', '1. Boil pasta. 2. Fry guanciale. 3. Mix eggs and pecorino. 4. Combine all with pasta water.', 15, 20, 4, 'MEDIUM', 'https://images.unsplash.com/photo-1612874742237-6526221588e3?w=800', '', 'MOCK', NOW(), NOW()),
(2, 'Chicken Tikka Masala', 'Rich and creamy Indian curry', '1. Marinate chicken in yogurt and spices. 2. Grill chicken. 3. Simmer in tomato cream sauce.', 30, 40, 6, 'MEDIUM', 'https://images.unsplash.com/photo-1565557623262-b51c2513a641?w=800', '', 'MOCK', NOW(), NOW()),
(3, 'Avocado Toast', 'Quick and healthy breakfast', '1. Toast bread. 2. Mash avocado with lime and salt. 3. Spread on toast. 4. Top with chili flakes.', 5, 0, 1, 'EASY', 'https://images.unsplash.com/photo-1565557623262-b51c2513a641?w=800', '', 'MOCK', NOW(), NOW()),
(4, 'Beef Bourguignon', 'Hearty French beef stew', '1. Sear beef. 2. Saute veggies. 3. Simmer with red wine and broth for 3 hours.', 45, 180, 6, 'HARD', 'https://images.unsplash.com/photo-1608039829572-78524f79c4c7?w=800', '', 'MOCK', NOW(), NOW()),
(5, 'Caesar Salad', 'Crisp romaine with homemade dressing', '1. Make dressing with anchovies, garlic, lemon. 2. Toss lettuce and croutons. 3. Top with parmesan.', 20, 0, 2, 'EASY', 'https://images.unsplash.com/photo-1550304943-4f24f54ddde9?w=800', '', 'MOCK', NOW(), NOW());

INSERT INTO ingredients (id, name, unit) VALUES
(1, 'Spaghetti', 'g'),
(2, 'Eggs', 'large'),
(3, 'Guanciale', 'g'),
(4, 'Pecorino Romano', 'g'),
(5, 'Chicken Breast', 'g'),
(6, 'Yogurt', 'ml'),
(7, 'Tomato Puree', 'g'),
(8, 'Sourdough Bread', 'slices'),
(9, 'Avocado', ''),
(10, 'Lime Juice', 'tsp'),
(11, 'Beef Chuck', 'kg'),
(12, 'Red Wine', 'ml'),
(13, 'Carrots', 'medium'),
(14, 'Romaine Lettuce', 'heads'),
(15, 'Parmesan Cheese', 'g'),
(16, 'Croutons', 'g'),
(17, 'Garlic', 'cloves'),
(18, 'Onion', 'medium'),
(19, 'Cream', 'ml'),
(20, 'Coriander', 'tsp'),
(21, 'Cumin', 'tsp'),
(22, 'Ginger', 'g'),
(23, 'Turmeric', 'tsp'),
(24, 'Garam Masala', 'tsp');

INSERT INTO ingredient_allergens (ingredient_id, allergens) VALUES
(2, 'EGGS'),
(4, 'DAIRY'),
(6, 'DAIRY'),
(8, 'WHEAT'),
(14, 'GLUTEN'),
(15, 'DAIRY'),
(16, 'WHEAT'),
(19, 'DAIRY');

INSERT INTO recipe_ingredients (id, recipe_id, ingredient_id, quantity) VALUES
(NEXTVAL('recipe_ingredients_SEQ'), 1, 1, '400'),
(NEXTVAL('recipe_ingredients_SEQ'), 1, 2, '4'),
(NEXTVAL('recipe_ingredients_SEQ'), 1, 3, '150'),
(NEXTVAL('recipe_ingredients_SEQ'), 1, 4, '100'),
(NEXTVAL('recipe_ingredients_SEQ'), 2, 5, '500'),
(NEXTVAL('recipe_ingredients_SEQ'), 2, 6, '200'),
(NEXTVAL('recipe_ingredients_SEQ'), 2, 7, '400'),
(NEXTVAL('recipe_ingredients_SEQ'), 2, 17, '2'),
(NEXTVAL('recipe_ingredients_SEQ'), 2, 20, '1'),
(NEXTVAL('recipe_ingredients_SEQ'), 2, 21, '1'),
(NEXTVAL('recipe_ingredients_SEQ'), 2, 22, '15'),
(NEXTVAL('recipe_ingredients_SEQ'), 2, 23, '0.5'),
(NEXTVAL('recipe_ingredients_SEQ'), 2, 24, '2'),
(NEXTVAL('recipe_ingredients_SEQ'), 2, 19, '250'),
(NEXTVAL('recipe_ingredients_SEQ'), 3, 8, '2'),
(NEXTVAL('recipe_ingredients_SEQ'), 3, 9, '1'),
(NEXTVAL('recipe_ingredients_SEQ'), 3, 10, '1'),
(NEXTVAL('recipe_ingredients_SEQ'), 4, 11, '1'),
(NEXTVAL('recipe_ingredients_SEQ'), 4, 12, '500'),
(NEXTVAL('recipe_ingredients_SEQ'), 4, 13, '3'),
(NEXTVAL('recipe_ingredients_SEQ'), 4, 17, '4'),
(NEXTVAL('recipe_ingredients_SEQ'), 4, 18, '2'),
(NEXTVAL('recipe_ingredients_SEQ'), 5, 14, '2'),
(NEXTVAL('recipe_ingredients_SEQ'), 5, 15, '50'),
(NEXTVAL('recipe_ingredients_SEQ'), 5, 16, '1'),
(NEXTVAL('recipe_ingredients_SEQ'), 5, 17, '2');
